sample_id,model_name,model_id,category,difficulty,topic,weighted_score,judge_overall_score,verdict,judge_error,prediction_file,correctness_applicable,correctness_score,correctness_rationale,completeness_applicable,completeness_score,completeness_rationale,key_point_coverage_applicable,key_point_coverage_score,key_point_coverage_rationale,instruction_following_applicable,instruction_following_score,instruction_following_rationale,reasoning_depth_applicable,reasoning_depth_score,reasoning_depth_rationale,production_readiness_applicable,production_readiness_score,production_readiness_rationale,clarity_structure_applicable,clarity_structure_score,clarity_structure_rationale,factual_grounding_applicable,factual_grounding_score,factual_grounding_rationale,code_sql_quality_applicable,code_sql_quality_score,code_sql_quality_rationale,missing_or_weak_points,factual_or_logic_issues,strengths
BD_THEORY_EASY_01,Qwen3-14B,qwen/qwen3-14b,Theory Q&A,easy,Managed vs External tables in Hive/Spark,9.07,9.0,"Excellent, concise answer covering all required aspects with minor omission on explicit risk phrasing.",,outputs\qwen3\Qwen3-14B_thinking_outputs.json,True,9.0,Correctly explains ownership and DROP behavior.,True,9.0,Covers all requested sections concisely.,True,9.0,Hits all expected key points.,True,10.0,Follows prompt structure exactly.,True,8.0,Good but lacks explicit risk mention.,True,9.0,Clear best practices for both types.,True,10.0,"Well-structured, clear bullet points.",True,9.0,"Accurate, no hallucination.",False,,No code requested.,Does not explicitly mention 'accidental recursive deletion risk' | Could specify more production scenarios,,Clear structured answer | Covers all prompt sections | Accurate factual content
BD_THEORY_EASY_02,Qwen3-14B,qwen/qwen3-14b,Theory Q&A,easy,Managed vs External tables in Databricks,9.48,9.0,Excellent answer covering all required differences with accurate Databricks specifics.,,outputs\qwen3\Qwen3-14B_thinking_outputs.json,True,10.0,"Accurate on storage, metadata, DROP behavior.",True,9.0,Covers all requested aspects.,True,9.0,Hits all expected key points.,True,10.0,Includes all required points.,True,9.0,Explains lifecycle and use cases well.,True,9.0,"Safe, practical advice.",True,10.0,"Clear sections, table, examples.",True,10.0,Matches Databricks specifics.,False,,Not applicable: task does not request code or SQL.,Slightly underemphasized shared data lake/multi-engine access for external tables.,,Clear DROP behavior distinction. | Accurate storage location details. | Practical use case guidance.
BD_THEORY_MEDIUM_01,Qwen3-14B,qwen/qwen3-14b,Theory Q&A,medium,repartition vs coalesce in Apache Spark,8.97,9.0,Excellent answer covering all key points with clear structure and accurate details.,,outputs\qwen3\Qwen3-14B_thinking_outputs.json,True,9.0,"Accurate on shuffle behavior, partition changes",True,9.0,Covers all key points thoroughly,True,9.0,All expected points addressed clearly,True,9.0,Follows prompt structure and details,True,9.0,Explains use cases and costs well,True,8.0,Good advice but minor omission on skew,True,10.0,Well-organized with clear sections,True,9.0,Accurate Spark behavior description,False,,No code required in task,Minor omission on coalesce uneven partitions risk,None significant,Clear shuffle explanation | Accurate partition change details | Practical use cases
BD_THEORY_MEDIUM_02,Qwen3-14B,qwen/qwen3-14b,Theory Q&A,medium,Broadcast Join in Spark,8.99,9.0,Excellent technical explanation missing only explicit fact-dimension join context.,,outputs\qwen3\Qwen3-14B_thinking_outputs.json,True,10.0,Accurate Spark behavior and mechanisms,True,8.0,Covers all key points except fact-dimension,True,8.0,Misses fact-dimension join context,True,9.0,Includes all requested sections,True,9.0,Explains shuffle avoidance and memory trade-offs,True,9.0,Good memory/OOM warnings,True,9.0,Well-structured with clear sections,True,10.0,"No hallucinations, correct thresholds",False,,Task not code-focused,No explicit mention of fact-dimension joins,None,Mechanism details | Memory trade-offs | Practical example
BD_THEORY_HARD_01,Qwen3-14B,qwen/qwen3-14b,Theory Q&A,hard,Small-file problem in Spark,8.03,8.0,Strong answer covering root causes and solutions but misses object-store specifics and trade-off clarity.,,c:\Users\huynh\Documents\SOS\MATERIAL\BD\LT\a-triple-of-lms\outputs\qwen3\Qwen3-14B_thinking_outputs.json,True,8.0,Correctly defines problem and solutions.,True,8.0,Covers most key points thoroughly.,True,9.0,"Hits many tiny files, overhead, tasks, coalesce, target size.",True,8.0,"Explains root causes, impact, and techniques.",True,7.0,Good but lacks explicit trade-off discussion.,True,7.0,Practical advice but some techniques are HDFS-specific.,True,9.0,Well-organized with sections and summary.,True,8.0,"Mostly accurate, minor HDFS focus.",False,,"Task is theory Q&A, not code.",Missing explicit object store cost mention. | No explicit trade-off with parallelism.,"combineFiles is HDFS-specific, not general Spark. | HDFS block size adjustment is not a primary solution.",Clear root cause explanation. | Detailed mitigation techniques. | Structured and readable format.
BD_THEORY_HARD_02,Qwen3-14B,qwen/qwen3-14b,Theory Q&A,hard,Spark performance optimization techniques,4.89,5.0,Partially correct but misses key Spark SQL optimizations and profiling step.,,c:\Users\huynh\Documents\SOS\MATERIAL\BD\LT\a-triple-of-lms\outputs\qwen3\Qwen3-14B_thinking_outputs.json,True,5.0,Some techniques correct but RDD-focused,True,4.0,Missing key techniques like skew handling,True,4.0,Covered only 4 of 11 expected points,True,5.0,Prioritized by bottleneck but missed profiling,True,6.0,Explains why each helps but lacks depth,True,4.0,Missing critical prod techniques like skew handling,True,8.0,Well-structured with clear sections,True,5.0,Mix of valid and RDD-specific advice,False,,No code/SQL required,No shuffle partitions tuning | No predicate pushdown or partition pruning | No skew handling techniques | No caching strategy for reused data,"reduceByKey vs groupByKey is RDD-specific, not DataFrame/Spark SQL | Example code uses Scala but prompt is generic | No mention of profiling with Spark UI first",Clear bottleneck prioritization | Good structure with examples | Covers major bottleneck types
BD_CODE_EASY_01,Qwen3-14B,qwen/qwen3-14b,Code Generation,easy,PySpark batch aggregation,6.47,6.0,Code works but is inefficient and misses some production details.,,c:\Users\huynh\Documents\SOS\MATERIAL\BD\LT\a-triple-of-lms\outputs\qwen3\Qwen3-14B_thinking_outputs.json,True,6.0,Aggregations correct but separate then join is inefficient.,True,7.0,All steps present but revenue handling incomplete.,True,7.0,Covers most points but missing revenue null handling.,True,8.0,Follows prompt but adds extra join step.,True,5.0,Shallow; no explanation for separate aggregations.,True,5.0,Separate aggregations waste resources; no null revenue handling.,True,8.0,Code is clear with comments.,True,7.0,Mostly correct but date_trunc usage is unusual.,True,6.0,Functional but not idiomatic; separate aggregations inefficient.,Missing revenue null handling. | Inefficient separate aggregations then join. | Uses date_trunc instead of to_date.,"date_trunc returns timestamp, not date directly. | Separate groupBy then join is wasteful.",Correctly reads CSV and drops nulls. | Properly partitions output by event_date. | Uses appropriate PySpark functions.
BD_CODE_MEDIUM_01,Qwen3-14B,qwen/qwen3-14b,Code Generation,medium,Spark SQL event analytics,8.55,8.5,"Strong answer with correct queries and clear explanations, but lacks production null handling and uses a different average revenue calculation.",,c:\Users\huynh\Documents\SOS\MATERIAL\BD\LT\a-triple-of-lms\outputs\qwen3\Qwen3-14B_thinking_outputs.json,True,9.0,"Queries correct, minor missing null handling.",True,9.0,All four queries provided with explanations.,True,8.0,Missing COALESCE revenue and explicit ordering for session query.,True,9.0,Clear SQL and brief explanations provided.,True,8.0,Explanations clear but lacks deeper null handling reasoning.,True,7.0,Missing null checks and revenue handling for robustness.,True,10.0,"Well-structured, clear sections, and formatting.",True,9.0,"Spark SQL compatible, DATE function correct.",True,8.0,"Good SQL, minor improvements needed for null safety.","No null handling for user_id, event_time, revenue. | Average revenue query uses AVG not total/active_users. | Session query missing ORDER BY.",Average revenue per user logic differs from ground truth. | Missing COALESCE for revenue sum.,All four queries correctly implemented. | Clear structure and explanations. | Spark SQL compatible syntax.
BD_CODE_HARD_01,Qwen3-14B,qwen/qwen3-14b,Code Generation,hard,Production-style PySpark pipeline with deduplication and window functions,7.4,7.0,Good implementation with minor flaws in null handling and date conversion.,,c:\Users\huynh\Documents\SOS\MATERIAL\BD\LT\a-triple-of-lms\outputs\qwen3\Qwen3-14B_thinking_outputs.json,True,7.0,Logic mostly correct but has minor flaws,True,6.0,Missing null handling and date conversion fix,True,7.0,Covers most key points,True,8.0,Follows all main steps,True,8.0,Explains performance considerations,True,8.0,Includes configs and performance notes,True,9.0,Code is well-structured and commented,True,8.0,Uses proper Spark functions,True,8.0,Correct dedup and top event logic,No null filtering for user_id/event_time | Missing row_number import | Performance comments lack specific tuning,"Missing coalesce for revenue nulls | date_trunc returns timestamp, not date | Inner join may drop events without users",Correct window deduplication | Proper top event type logic | Includes Spark configurations
BD_ANALYSIS_HARD_01,Qwen3-14B,qwen/qwen3-14b,Incident Analysis,hard,"Spark performance diagnosis: skew, spill, and small files",7.91,8.0,"Strong analysis with accurate root causes and actionable plan, but misses key Spark features like AQE and has minor unsafe advice.",,c:\Users\huynh\Documents\SOS\MATERIAL\BD\LT\a-triple-of-lms\outputs\qwen3\Qwen3-14B_thinking_outputs.json,True,8.0,"Accurate root causes, minor omissions.",True,7.0,"Missing AQE, skew handling details.",True,8.0,Covers most key points.,True,9.0,Follows structure well.,True,8.0,Links symptoms to fixes.,True,7.0,Good but lacks AQE.,True,9.0,Clear sections.,True,8.0,Minor Spark tuning errors.,False,,Not required.,No mention of Adaptive Query Execution | Insufficient skew remediation details | Overlooks shuffle partition tuning,Recommends caching before broadcast | Suggests repartitioning before join,Identifies skew and broadcast join | Proposes partitioning by event_date | Good validation metrics
BD_THEORY_EASY_01,Qwen3-235B-A22B-Thinking,qwen/qwen3-235b-a22b-thinking-2507,Theory Q&A,easy,Managed vs External tables in Hive/Spark,8.9,9.0,Excellent answer covering all key points with strong production awareness.,,c:\Users\huynh\Documents\SOS\MATERIAL\BD\LT\a-triple-of-lms\outputs\qwen3\Qwen3-235B-A22B-Thinking_thinking_outputs.json,True,9.0,"Accurate on ownership, drop behavior, use cases",True,9.0,Covers all key points clearly,True,9.0,Hits all expected key points,True,9.0,"Concise, includes all requested aspects",True,8.0,"Good production awareness, minor depth lacking",True,9.0,"Strong best practices, conversion warning",True,9.0,"Clear table format, concise summary",True,9.0,"Accurate details, minor nit on warehouse path",False,,Not required for this task,Minor: warehouse path example not universal,None significant,Clear table comparison | Covers all key points | Strong production advice
BD_THEORY_EASY_02,Qwen3-235B-A22B-Thinking,qwen/qwen3-235b-a22b-thinking-2507,Theory Q&A,easy,Managed vs External tables in Databricks,9.49,9.0,"Excellent answer covering all required points with clear structure and accurate details, only slightly overstating a risk.",,c:\Users\huynh\Documents\SOS\MATERIAL\BD\LT\a-triple-of-lms\outputs\qwen3\Qwen3-235B-A22B-Thinking_thinking_outputs.json,True,9.0,Accurate on all core differences.,True,10.0,Covers all requested aspects thoroughly.,True,10.0,Hits all expected key points.,True,10.0,Includes all required sections.,True,9.0,Adds practical best practices.,True,9.0,Strong practical advice.,True,10.0,"Clear, well-organized table format.",True,9.0,Minor nuance on Unity Catalog.,False,,Task did not require code.,Overstates managed table risk for Unity Catalog.,Implies managed tables lack fine-grained governance in UC.,Clear structured comparison. | Accurate DROP behavior. | Practical use case guidance.
BD_THEORY_MEDIUM_01,Qwen3-235B-A22B-Thinking,qwen/qwen3-235b-a22b-thinking-2507,Theory Q&A,medium,repartition vs coalesce in Apache Spark,9.0,9.0,Excellent comprehensive answer covering all key points with practical examples.,,c:\Users\huynh\Documents\SOS\MATERIAL\BD\LT\a-triple-of-lms\outputs\qwen3\Qwen3-235B-A22B-Thinking_thinking_outputs.json,True,9.0,Covers all key points accurately,True,9.0,"Includes shuffle behavior, partition changes, use cases",True,9.0,Hits all expected points clearly,True,9.0,Follows prompt and judge instructions,True,9.0,Detailed examples and cost analysis,True,9.0,Practical advice and warnings,True,9.0,Well-organized with tables,True,9.0,Accurate Spark behavior,False,,No code requested,Minor: could mention coalesce ignores n>current,None found,Clear shuffle explanation | Practical use cases | Cost implications
BD_THEORY_MEDIUM_02,Qwen3-235B-A22B-Thinking,qwen/qwen3-235b-a22b-thinking-2507,Theory Q&A,medium,Broadcast Join in Spark,9.84,9.5,"Excellent answer covering all key points with deep practical insights, only a minor factual nuance on AQE.",,c:\Users\huynh\Documents\SOS\MATERIAL\BD\LT\a-triple-of-lms\outputs\qwen3\Qwen3-235B-A22B-Thinking_thinking_outputs.json,True,10.0,Mechanism and use cases are fully correct.,True,10.0,Covers all required aspects thoroughly.,True,10.0,All expected key points are addressed.,True,10.0,Follows prompt structure and includes all sections.,True,10.0,Deep explanation of trade-offs and best practices.,True,9.0,"Excellent practical advice, minor over-specification.",True,10.0,Well-organized with clear sections.,True,9.0,"Mostly accurate, minor detail on AQE.",False,,Not applicable: task does not request code or SQL.,AQE auto-broadcast detail slightly oversold,AQE does not auto-broadcast; it respects threshold/hint.,Detailed mechanism explanation | Clear memory trade-off analysis | Practical examples with code
BD_THEORY_HARD_01,Qwen3-235B-A22B-Thinking,qwen/qwen3-235b-a22b-thinking-2507,Theory Q&A,hard,Small-file problem in Spark,9.37,9.0,"Excellent answer with thorough coverage of root causes, impacts, and solutions, though slightly over-detailed with code.",,c:\Users\huynh\Documents\SOS\MATERIAL\BD\LT\a-triple-of-lms\outputs\qwen3\Qwen3-235B-A22B-Thinking_thinking_outputs.json,True,9.0,Accurate root causes and solutions.,True,9.0,Covers all key points thoroughly.,True,10.0,Hits all expected key points.,True,10.0,"Explains root causes, not just coalesce.",True,10.0,Deep analysis with real-world examples.,True,9.0,"Practical, production-aware advice.",True,10.0,Well-organized with clear sections.,True,8.0,"Minor HDFS focus, but mostly correct.",False,,"Task is theory, not code.",Trade-off with parallelism is mentioned but could be more prominent. | No explicit mention of Delta Lake OPTIMIZE/auto-compaction.,Coalesce is not always better than repartition; it can cause skew. | HDFS-specific details (Namenode) are less relevant for cloud storage focus. | Code examples are overly detailed for a theory question.,Comprehensive root cause analysis. | Detailed mitigation strategies. | Production cost and monitoring focus.
BD_THEORY_HARD_02,Qwen3-235B-A22B-Thinking,qwen/qwen3-235b-a22b-thinking-2507,Theory Q&A,hard,Spark performance optimization techniques,8.94,8.5,"Excellent answer with deep production insights and clear bottleneck prioritization, though it misses some expected scan optimization points.",,c:\Users\huynh\Documents\SOS\MATERIAL\BD\LT\a-triple-of-lms\outputs\qwen3\Qwen3-235B-A22B-Thinking_thinking_outputs.json,True,9.0,Techniques are correct and well-explained.,True,9.0,Covers many key points and adds extra detail.,True,8.0,"Covers most expected points, misses some like predicate pushdown.",True,10.0,Prioritizes by bottleneck and explains why each helps.,True,9.0,Deep production reasoning with practical examples.,True,9.0,Includes critical production notes and configurations.,True,9.0,Well-structured with clear sections and code.,True,9.0,Factually accurate with minor overstatement on UDF speed.,False,,Not applicable: task does not request code or SQL.,Missing scan efficiency techniques like predicate pushdown. | No mention of file format optimization (Parquet/ORC). | Overemphasizes speculative execution for a top-5 list.,"Python UDFs are not always 10-100x slower; depends on use case. | Broadcast join threshold default is 10MB, not 10GB as implied.",Strong bottleneck prioritization. | Detailed production code examples. | Includes Spark UI profiling advice.
BD_CODE_EASY_01,Qwen3-235B-A22B-Thinking,qwen/qwen3-235b-a22b-thinking-2507,Code Generation,easy,PySpark batch aggregation,7.17,7.0,Code is functionally correct but incomplete for production due to missing SparkSession and null handling.,,c:\Users\huynh\Documents\SOS\MATERIAL\BD\LT\a-triple-of-lms\outputs\qwen3\Qwen3-235B-A22B-Thinking_thinking_outputs.json,True,7.0,Core logic correct but missing revenue null handling.,True,7.0,Missing SparkSession creation and revenue null handling.,True,8.0,Covers most key points but misses SparkSession.,True,8.0,Follows prompt but lacks brief comments as requested.,True,6.0,"Basic steps, no handling of edge cases like null revenue.",True,6.0,Missing write mode and null revenue handling.,True,8.0,Code is clear and well-structured.,True,8.0,Uses correct PySpark functions.,True,7.0,Functional but incomplete for production.,Missing SparkSession creation. | No handling for null revenue values. | Write mode not specified.,Assumes 'spark' variable exists. | Revenue sum may include nulls.,Correct aggregation logic. | Proper timestamp and date conversion. | Correct Parquet partitioning.
BD_CODE_MEDIUM_01,Qwen3-235B-A22B-Thinking,qwen/qwen3-235b-a22b-thinking-2507,Code Generation,medium,Spark SQL event analytics,8.1,8.0,Good SQL with strong production insights but missing some explicit null handling and final ordering.,,c:\Users\huynh\Documents\SOS\MATERIAL\BD\LT\a-triple-of-lms\outputs\qwen3\Qwen3-235B-A22B-Thinking_thinking_outputs.json,True,8.0,Queries are mostly correct.,True,8.0,All four tasks answered.,True,8.0,Covers most key points.,True,7.0,Explains queries but misses some null checks.,True,9.0,Good explanations and production notes.,True,9.0,Strong production considerations.,True,9.0,"Clear, well-structured sections.",True,7.0,Minor factual issues in notes.,True,8.0,Good SQL but lacks explicit null filters.,"Missing explicit WHERE filters for NULL user_id, event_time, session_id. | Query 4 lacks ORDER BY and event_count column. | No explicit NULLIF for division safety in Query 3.",APPROX_COUNT_DISTINCT suggestion is irrelevant for COUNT(*). | SKEWED BY is not a standard Spark SQL clause.,Clear SQL and explanations. | Includes production optimization notes. | Covers all required queries.
BD_CODE_HARD_01,Qwen3-235B-A22B-Thinking,qwen/qwen3-235b-a22b-thinking-2507,Code Generation,hard,Production-style PySpark pipeline with deduplication and window functions,8.16,8.0,High-quality production code with minor logical flaws in join handling and null ingestion_time treatment.,,c:\Users\huynh\Documents\SOS\MATERIAL\BD\LT\a-triple-of-lms\outputs\qwen3\Qwen3-235B-A22B-Thinking_thinking_outputs.json,True,7.0,Mostly correct but join logic flawed,True,8.0,Covers all requirements except join type,True,8.0,Hit all key points except join type,True,8.0,Followed prompt structure and requirements,True,9.0,Deep performance and scalability insights,True,9.0,Excellent production considerations and optimizations,True,9.0,Well-structured code with clear sections,True,9.0,Accurate Spark functions and patterns,True,9.0,Production-quality code with good practices,Missing explicit revenue coalesce to handle nulls | No comment on potential skew in groupBy operations | Cache usage may not be optimal for all scenarios,"Used inner join instead of left join, may lose events with no user match | Coalesce null ingestion_time to 1970 may not keep latest if some are null | Dropped event_time column, but prompt didn't require dropping original columns",Excellent performance optimizations and production considerations | Innovative single-pass top event calculation | Comprehensive error handling and resource management
BD_ANALYSIS_HARD_01,Qwen3-235B-A22B-Thinking,qwen/qwen3-235b-a22b-thinking-2507,Incident Analysis,hard,"Spark performance diagnosis: skew, spill, and small files",9.58,9.0,"Excellent, production-ready analysis covering all key points with actionable, prioritized fixes and strong validation.",,c:\Users\huynh\Documents\SOS\MATERIAL\BD\LT\a-triple-of-lms\outputs\qwen3\Qwen3-235B-A22B-Thinking_thinking_outputs.json,True,10.0,Accurately identifies all root causes.,True,9.0,Covers all key points thoroughly.,True,10.0,Hits all expected key points.,True,10.0,Follows required structure exactly.,True,9.0,"Deep, symptom-linked reasoning.",True,9.0,"Actionable, phased, safe plan.",True,10.0,Clear sections and table.,True,9.0,Accurate Spark details.,False,,Not applicable: task does not request code or SQL.,Could mention AQE skew join as primary before custom salting. | Small-file cause from excessive partitions not fully detailed.,Salting code slightly over-specified but not wrong.,"Excellent root cause analysis linking symptoms. | Prioritized, phased remediation plan. | Comprehensive validation metrics table."
BD_THEORY_EASY_01,Qwen3-32B,qwen/qwen3-32b,Theory Q&A,easy,Managed vs External tables in Hive/Spark,8.97,9.0,Excellent concise answer covering all key points except multi-engine access.,,c:\Users\huynh\Documents\SOS\MATERIAL\BD\LT\a-triple-of-lms\outputs\qwen3\Qwen3-32B_thinking_outputs.json,True,9.0,"Accurate on ownership, DROP, use cases.",True,9.0,Covers all key points concisely.,True,9.0,"Includes ownership, DROP, lifecycle, risk.",True,9.0,Concisely addresses all prompt aspects.,True,8.0,Good but lacks multi-engine mention.,True,9.0,Clear best practices for both types.,True,10.0,Well-organized and easy to follow.,True,9.0,Accurate Spark/Hive behavior.,False,,Not required for this task.,Omits multi-engine access mention,,Clear ownership distinction | Correct DROP behavior | Practical use cases
BD_THEORY_EASY_02,Qwen3-32B,qwen/qwen3-32b,Theory Q&A,easy,Managed vs External tables in Databricks,8.8,9.0,Excellent answer covering all required points accurately and clearly.,,c:\Users\huynh\Documents\SOS\MATERIAL\BD\LT\a-triple-of-lms\outputs\qwen3\Qwen3-32B_thinking_outputs.json,True,9.0,Accurate on all core differences.,True,9.0,Covers all requested aspects thoroughly.,True,9.0,Hits all expected key points.,True,9.0,Follows prompt structure exactly.,True,8.0,Good practical examples and table.,True,8.0,Includes best practices and examples.,True,9.0,Well-organized with clear sections.,True,9.0,No factual errors found.,False,,"Task is theory Q&A, not code implementation.",Minor: Could explicitly mention 'shared data lake' for external tables.,,Clear structured breakdown. | Accurate DROP behavior explanation. | Good use case examples.
BD_THEORY_MEDIUM_01,Qwen3-32B,qwen/qwen3-32b,Theory Q&A,medium,repartition vs coalesce in Apache Spark,9.13,9.0,Excellent answer covering all key points with clear structure and minor factual nuance.,,c:\Users\huynh\Documents\SOS\MATERIAL\BD\LT\a-triple-of-lms\outputs\qwen3\Qwen3-32B_thinking_outputs.json,True,9.0,"Accurate on shuffle, partition changes, and cost.",True,9.0,Covers all key points thoroughly.,True,10.0,All expected key points addressed.,True,9.0,"Follows prompt, includes required sections.",True,9.0,Explains use cases and cost implications well.,True,8.0,"Good advice, but could mention small-file problem.",True,10.0,Well-structured with clear sections.,True,9.0,"Factually correct, minor nuance on coalesce shuffle.",False,,Task not code-focused.,Does not explicitly mention small-file problem for coalesce. | Could emphasize shuffle cost more strongly.,Coalesce with shuffle=True is not less efficient than repartition; they are equivalent.,Clear comparison table. | Explains shuffle behavior well. | Covers cost implications.
BD_THEORY_MEDIUM_02,Qwen3-32B,qwen/qwen3-32b,Theory Q&A,medium,Broadcast Join in Spark,9.23,9.0,"Excellent answer covering all key points with clear structure and practical details, minor factual imprecisions.",,c:\Users\huynh\Documents\SOS\MATERIAL\BD\LT\a-triple-of-lms\outputs\qwen3\Qwen3-32B_thinking_outputs.json,True,9.0,Accurate core concept and mechanism.,True,9.0,Covers all required aspects thoroughly.,True,10.0,Hits all expected key points.,True,10.0,Includes all requested sections.,True,9.0,Explains trade-offs and use cases well.,True,8.0,"Good practical advice, minor nuance missing.",True,10.0,Well-organized and clear.,True,9.0,"Mostly accurate, one minor imprecision.",False,,"Task is theory, not code implementation.",Could explicitly mention driver's role in broadcast. | Slightly overstates automatic threshold applicability.,"Implies broadcast uses broadcast variables; it's a different internal mechanism. | Default threshold is 10 MB, but config example uses string '20MB' which may need conversion.","Clear explanation of mechanism and benefits. | Covers configuration, hints, and trade-offs. | Provides practical example and summary table."
BD_THEORY_HARD_01,Qwen3-32B,qwen/qwen3-32b,Theory Q&A,hard,Small-file problem in Spark,7.91,8.0,Comprehensive but misses key object store and Delta Lake specifics.,,c:\Users\huynh\Documents\SOS\MATERIAL\BD\LT\a-triple-of-lms\outputs\qwen3\Qwen3-32B_thinking_outputs.json,True,8.0,"Covers root causes, solutions, and trade-offs well.",True,7.0,Misses object store cost and Delta Lake OPTIMIZE.,True,8.0,Hits most key points but lacks object store specifics.,True,9.0,Explains root causes beyond just coalesce.,True,8.0,Detailed but misses some production nuances.,True,7.0,Good techniques but lacks storage-specific advice.,True,9.0,Well-organized and clear sections.,True,8.0,Accurate but minor omissions in storage overhead.,False,,No SQL or code required for this task.,Object store cost overhead | Delta Lake OPTIMIZE mention | Specific file size targets,HDFS focus over object stores | No explicit trade-off with parallelism,Detailed root causes | Multiple mitigation techniques | Clear structure
BD_THEORY_HARD_02,Qwen3-32B,qwen/qwen3-32b,Theory Q&A,hard,Spark performance optimization techniques,6.14,6.0,"Good bottleneck prioritization and examples but misses profiling and key scan optimizations, with minor factual issues.",,c:\Users\huynh\Documents\SOS\MATERIAL\BD\LT\a-triple-of-lms\outputs\qwen3\Qwen3-32B_thinking_outputs.json,True,6.0,Most techniques valid but some advice suboptimal.,True,5.0,Covers 5+ techniques but misses key bottlenecks.,True,6.0,"Covers shuffle, skew, cache, serialization, partitioning.",True,6.0,Prioritizes by bottleneck but omits profiling focus.,True,7.0,Explains why for each bottleneck.,True,6.0,Practical examples but some unsafe advice.,True,8.0,Clear structure with table summary.,True,7.0,Generally accurate but has minor errors.,False,,"Task is theory, not code.","No mention of profiling/Spark UI. | Missing scan efficiency techniques (predicate pushdown, columnar formats). | Skew handling is mentioned but lacks AQE or split heavy keys details.","Recommends mapPartitions with itertools.groupby for aggregation, which is complex and error-prone; reduceByKey is preferred. | Suggests spark.kryo.registrationRequired=true without noting it can cause failures if classes unregistered. | Off-heap memory example uses Scala syntax in Python code block, inconsistent.",Prioritizes techniques by bottleneck type. | Includes practical code examples. | Clear table summary for impact.
BD_CODE_EASY_01,Qwen3-32B,qwen/qwen3-32b,Code Generation,easy,PySpark batch aggregation,7.18,7.0,Functional code but misses revenue null handling and uses suboptimal date extraction.,,c:\Users\huynh\Documents\SOS\MATERIAL\BD\LT\a-triple-of-lms\outputs\qwen3\Qwen3-32B_thinking_outputs.json,True,7.0,Missing revenue null handling,True,7.0,No revenue default value,True,8.0,Covers most key points,True,8.0,Follows prompt structure,True,6.0,Shallow data cleaning,True,6.0,No write mode specified,True,9.0,Clear and well-commented,True,7.0,date_format instead of to_date,True,7.0,Functional but incomplete,No revenue null handling | Uses date_format instead of to_date | Missing write mode,Revenue sum may include nulls | date_format returns string not date,Correct aggregation logic | Proper partitioning | Clean code structure
BD_CODE_MEDIUM_01,Qwen3-32B,qwen/qwen3-32b,Code Generation,medium,Spark SQL event analytics,7.27,7.0,"Queries are logically correct but lack robust NULL handling, reducing reliability for production use.",,c:\Users\huynh\Documents\SOS\MATERIAL\BD\LT\a-triple-of-lms\outputs\qwen3\Qwen3-32B_thinking_outputs.json,True,7.0,Logic is correct but missing NULL filtering and COALESCE.,True,7.0,All queries provided but lack some robustness checks.,True,7.0,Covers most key points but misses NULL handling.,True,9.0,"Follows prompt, explains each query.",True,7.0,Explanations are basic but adequate.,True,6.0,Notes added but missing essential NULL checks.,True,9.0,"Clear structure, explanations are concise.",True,8.0,Uses proper Spark SQL syntax and functions.,True,7.0,SQL is mostly correct but missing NULL handling.,"NULL handling for user_id, event_time, and revenue is missing. | Query 3 lacks explicit COALESCE for revenue, risking incorrect averages.","Query 3: Missing COALESCE or handling for NULL revenue, which could cause incorrect sums. | Query 1 & 3: Missing WHERE clause to filter out NULL user_id or event_time as in ground truth.",Correct use of COUNT(DISTINCT) for daily active users. | Proper HAVING clause for session filtering. | Clear explanations for each query.
BD_CODE_HARD_01,Qwen3-32B,qwen/qwen3-32b,Code Generation,hard,Production-style PySpark pipeline with deduplication and window functions,7.6,7.0,Good production pipeline but flawed top event_type logic and minor instruction deviations.,,c:\Users\huynh\Documents\SOS\MATERIAL\BD\LT\a-triple-of-lms\outputs\qwen3\Qwen3-32B_thinking_outputs.json,True,7.0,Core logic correct but top event_type calculation is flawed.,True,8.0,Covers most steps; missing explicit null handling for revenue.,True,8.0,Hits most key points; top event_type method is incorrect.,True,7.0,Follows main instructions but uses inner join vs left.,True,8.0,Good performance reasoning; flawed top event_type logic.,True,8.0,Good production notes; includes unsafe broadcast hint.,True,9.0,Well-structured code with clear comments.,True,7.0,Mostly correct; array_sort logic is wrong for Spark.,True,7.0,Readable code but contains incorrect aggregation logic.,Incorrect top event_type calculation | Uses inner join not left | Missing revenue null handling,array_sort with lambda is not valid Spark SQL | collect_list with count inside agg is wrong | Broadcast hint may be unsafe,Proper window deduplication | Good performance comments | Clear code structure
BD_ANALYSIS_HARD_01,Qwen3-32B,qwen/qwen3-32b,Incident Analysis,hard,"Spark performance diagnosis: skew, spill, and small files",7.91,8.0,Good analysis covering main issues but missing AQE and nuanced prioritization.,,c:\Users\huynh\Documents\SOS\MATERIAL\BD\LT\a-triple-of-lms\outputs\qwen3\Qwen3-32B_thinking_outputs.json,True,8.0,Correctly identifies key issues.,True,7.0,Missing AQE and some plan details.,True,8.0,Covers most key points.,True,9.0,Follows required structure.,True,8.0,Links symptoms to causes.,True,7.0,Some advice is generic.,True,9.0,Clear sections and formatting.,True,8.0,Mostly accurate Spark concepts.,False,,Not applicable: task does not request code or SQL.,No mention of Adaptive Query Execution | Remediation plan lacks prioritization nuance | Validation metrics lack cost aspects,Increasing shuffle partitions may worsen small files | Repartitioning before join may not fix skew,Structured analysis | Links symptoms to causes | Provides concrete code examples
BD_THEORY_EASY_01,Qwen3-4B-Thinking-HF,Qwen/Qwen3-4B-Thinking-2507,Theory Q&A,easy,Managed vs External tables in Hive/Spark,9.64,9.0,Excellent answer covering all key points with clear structure and strong production awareness.,,c:\Users\huynh\Documents\SOS\MATERIAL\BD\LT\a-triple-of-lms\outputs\qwen3\Qwen3-4B-Thinking-HF_thinking_outputs.json,True,10.0,All key points correct.,True,9.0,Covers all required aspects.,True,10.0,Covers all expected points.,True,9.0,"Concise, includes all sections.",True,9.0,Clear lifecycle explanation.,True,10.0,Strong best practices.,True,10.0,Well-structured table.,True,10.0,No factual errors.,False,,Task not code.,Minor: could mention multiple engines explicitly,,Clear table format | Correct DROP behavior | Strong production advice
BD_THEORY_EASY_02,Qwen3-4B-Thinking-HF,Qwen/Qwen3-4B-Thinking-2507,Theory Q&A,easy,Managed vs External tables in Databricks,8.8,9.0,Excellent answer covering all key points accurately with minor verbosity.,,c:\Users\huynh\Documents\SOS\MATERIAL\BD\LT\a-triple-of-lms\outputs\qwen3\Qwen3-4B-Thinking-HF_thinking_outputs.json,True,9.0,"Accurate on storage, DROP behavior, use cases.",True,9.0,Covers all key points thoroughly.,True,9.0,Hits all expected key points.,True,9.0,Follows prompt structure exactly.,True,8.0,"Good depth, minor over-explanation.",True,8.0,"Practical advice, minor verbosity.",True,9.0,"Clear, structured, easy to follow.",True,9.0,"Factually accurate, no hallucinations.",False,,Not required for this task.,Minor over-explanation | Slight verbosity penalty,None found,Accurate DROP behavior | Clear storage distinction | Practical use cases
BD_THEORY_MEDIUM_01,Qwen3-4B-Thinking-HF,Qwen/Qwen3-4B-Thinking-2507,Theory Q&A,medium,repartition vs coalesce in Apache Spark,7.86,8.0,Comprehensive answer with good structure but contains factual errors about coalesce's shuffle behavior and partition increase handling.,,c:\Users\huynh\Documents\SOS\MATERIAL\BD\LT\a-triple-of-lms\outputs\qwen3\Qwen3-4B-Thinking-HF_thinking_outputs.json,True,7.0,Mostly accurate but has two factual errors,True,8.0,Covers most key points but misses small-file context,True,8.0,Hits most expected points except small-file implications,True,9.0,Follows prompt structure and covers required aspects,True,9.0,Explains shuffle mechanics and use cases well,True,7.0,Provides practical guidance but with some inaccuracies,True,9.0,Well-organized with tables and clear sections,True,7.0,Generally correct but contains incorrect shuffle behavior claims,False,,No code requested,Lacks explicit mention of small-file problem use case for coalesce | Does not emphasize shuffle as one of Spark's most expensive operations,Coalesce does not shuffle only when reducing; it always shuffles minimally when decreasing partitions | Coalesce does not fail if n > current partitions; it returns the same number of partitions,Clear comparison table | Practical use case scenarios | Good cost analysis
BD_THEORY_MEDIUM_02,Qwen3-4B-Thinking-HF,Qwen/Qwen3-4B-Thinking-2507,Theory Q&A,medium,Broadcast Join in Spark,9.17,9.0,Excellent answer covering all key points with minor factual inaccuracies in code example.,,c:\Users\huynh\Documents\SOS\MATERIAL\BD\LT\a-triple-of-lms\outputs\qwen3\Qwen3-4B-Thinking-HF_thinking_outputs.json,True,9.0,Accurate explanation of mechanism and use cases.,True,9.0,Covers all required sections thoroughly.,True,10.0,Hits all expected key points.,True,10.0,Includes all requested components.,True,9.0,Detailed reasoning on trade-offs and examples.,True,8.0,"Good practical advice, minor over-specificity.",True,10.0,Well-organized with clear sections.,True,8.0,"Mostly accurate, minor detail errors.",False,,"Task is theory, not code implementation.",Slightly overstates automatic detection details. | Example code uses Broadcast object incorrectly.,"Detection uses rdd mapPartitions count, not exact. | Broadcast() hint syntax in example is wrong.","Clear explanation of broadcast join mechanism. | Covers configuration, hints, and memory trade-offs. | Provides practical example and production tips."
BD_THEORY_HARD_01,Qwen3-4B-Thinking-HF,Qwen/Qwen3-4B-Thinking-2507,Theory Q&A,hard,Small-file problem in Spark,6.98,7.0,Good coverage of causes and solutions but misses key details and contains factual errors.,,c:\Users\huynh\Documents\SOS\MATERIAL\BD\LT\a-triple-of-lms\outputs\qwen3\Qwen3-4B-Thinking-HF_thinking_outputs.json,True,7.0,Covers most key points but has factual errors.,True,7.0,Missing object store cost and trade-offs.,True,7.0,Hits many but misses key details.,True,7.0,Explains root causes but misses trade-offs.,True,7.0,Detailed but includes incorrect advice.,True,6.0,Some unsafe configs suggested.,True,9.0,Well-organized and clear.,True,6.0,Has incorrect Spark behavior claims.,False,,Not applicable.,No object store cost mention | Missing trade-off with parallelism | Incorrect config examples,partitionSize parameter not real | S3 block size config incorrect | getNumPartitions misuse,Covers root causes | Detailed mitigation techniques | Clear structure
BD_THEORY_HARD_02,Qwen3-4B-Thinking-HF,Qwen/Qwen3-4B-Thinking-2507,Theory Q&A,hard,Spark performance optimization techniques,5.98,6.0,"Good bottleneck-focused structure but misses critical optimizations like scan efficiency and caching, resulting in incomplete coverage.",,c:\Users\huynh\Documents\SOS\MATERIAL\BD\LT\a-triple-of-lms\outputs\qwen3\Qwen3-4B-Thinking-HF_thinking_outputs.json,True,6.0,Most techniques valid but priority order flawed,True,5.0,Misses key optimizations like scan efficiency,True,5.0,Covers shuffle/skew but omits scan/cache/pruning,True,6.0,Prioritized by bottleneck but missed required techniques,True,6.0,Explains bottleneck impact but misses core optimizations,True,7.0,Practical examples but some oversimplifications,True,8.0,Well-structured with bottleneck prioritization,True,7.0,Statistics unverified but generally plausible,False,,Task did not require code,No mention of file format optimization (Parquet/ORC) | Omitted predicate pushdown and partition pruning | Missing cache/persist for reused data | No output file compaction advice,"Ranking memory tuning above scan efficiency ignores common bottlenecks | Salting example uses rand() without casting, may cause type errors | Parallelism tuning advice oversimplified (2x cores not always optimal)",Clear bottleneck prioritization | Practical code examples | Emphasis on shuffle and skew handling
BD_CODE_EASY_01,Qwen3-4B-Thinking-HF,Qwen/Qwen3-4B-Thinking-2507,Code Generation,easy,PySpark batch aggregation,7.17,7.0,Good core implementation but lacks production robustness for null revenue and write mode.,,c:\Users\huynh\Documents\SOS\MATERIAL\BD\LT\a-triple-of-lms\outputs\qwen3\Qwen3-4B-Thinking-HF_thinking_outputs.json,True,7.0,Core logic correct but missing revenue null handling.,True,7.0,Missing revenue null handling and write mode.,True,8.0,Covers most key points except revenue cleaning.,True,8.0,Follows prompt but lacks brief comments.,True,6.0,No consideration for null revenue or write mode.,True,6.0,Missing write mode and revenue cleaning.,True,8.0,Code is clear and well-structured.,True,8.0,Uses correct PySpark functions.,True,7.0,Good code but missing robustness features.,"No handling for null revenue values. | Missing write mode (e.g., overwrite). | Assumes spark session exists.",Hard-coded timestamp format may fail. | Revenue sum may include nulls.,Correct aggregation logic. | Proper timestamp conversion. | Correct Parquet partitioning.
BD_CODE_MEDIUM_01,Qwen3-4B-Thinking-HF,Qwen/Qwen3-4B-Thinking-2507,Code Generation,medium,Spark SQL event analytics,7.79,8.0,"The candidate provides mostly correct and well-structured Spark SQL queries but misses important null-safety and ordering details, reducing production readiness.",,c:\Users\huynh\Documents\SOS\MATERIAL\BD\LT\a-triple-of-lms\outputs\qwen3\Qwen3-4B-Thinking-HF_thinking_outputs.json,True,8.0,Queries mostly correct. Minor issues with null handling.,True,8.0,All four queries provided with explanations.,True,8.0,Covers most key points. Misses explicit COALESCE for revenue.,True,7.0,Follows prompt but omits ORDER BY for some queries.,True,7.0,Explanations are clear but lack deeper null handling rationale.,True,7.0,Good notes but missing explicit null checks is a risk.,True,9.0,"Well-structured, clear sections, good formatting.",True,8.0,SQL is mostly accurate. DATE_FORMAT is acceptable Spark SQL.,True,8.0,SQL is clean and readable. Lacks null handling in WHERE clauses.,No explicit null handling (WHERE user_id IS NOT NULL). | Missing COALESCE or NULLIF for revenue average. | No ORDER BY in queries 3 and 4 as per ground truth.,Query 3 divides SUM(revenue) directly; revenue nulls could cause issues. | DATE_FORMAT is used instead of TO_DATE; both work but format differs.,Clear query structure and formatting. | Correct use of COUNT(DISTINCT) for DAU. | Proper HAVING clause for session filtering.
BD_CODE_HARD_01,Qwen3-4B-Thinking-HF,Qwen/Qwen3-4B-Thinking-2507,Code Generation,hard,Production-style PySpark pipeline with deduplication and window functions,6.69,6.5,"Pipeline has correct structure but contains significant logic errors in top event_type and session counting, lowering overall score.",,c:\Users\huynh\Documents\SOS\MATERIAL\BD\LT\a-triple-of-lms\outputs\qwen3\Qwen3-4B-Thinking-HF_thinking_outputs.json,True,6.0,Dedup logic correct. Top event_type uses first incorrectly. Revenue sum missing coalesce.,True,7.0,Most steps present. Missing null handling for revenue and event_time.,True,7.0,Covers most key points. Top event_type logic flawed.,True,7.0,Follows main instructions. Performance comments included but some configs generic.,True,7.0,Shows performance awareness. Lacks deeper data quality reasoning.,True,7.0,Includes configs and comments. Missing robust null handling.,True,8.0,Code well-structured and commented.,True,6.0,First over window is wrong for top event_type. Some configs may be inappropriate.,True,6.0,Code mostly works. Top event_type logic incorrect. Missing import for first.,Top event_type calculation uses first incorrectly | Missing coalesce for revenue nulls | No explicit dropna for event_time,"first over window without filter gives first row, not top by count | Inner join may drop events without users | count(session_id) counts nulls, not distinct sessions",Correct deduplication using window | Includes performance tuning configs | Output partitioned as required
BD_ANALYSIS_HARD_01,Qwen3-4B-Thinking-HF,Qwen/Qwen3-4B-Thinking-2507,Incident Analysis,hard,"Spark performance diagnosis: skew, spill, and small files",8.17,8.0,"Strong analysis linking symptoms to causes with a good plan, but has minor factual errors and misses AQE.",,c:\Users\huynh\Documents\SOS\MATERIAL\BD\LT\a-triple-of-lms\outputs\qwen3\Qwen3-4B-Thinking-HF_thinking_outputs.json,True,8.0,"Correctly identifies skew, broadcast join, and small files.",True,8.0,Covers all major issues and provides a plan.,True,9.0,"Hits most key points like skew, broadcast, small files, and validation.",True,9.0,"Follows required structure: Observations, Causes, Plan, Metrics.",True,8.0,Links symptoms to causes and solutions logically.,True,7.0,Actionable but some code suggestions are suboptimal.,True,9.0,Well-structured with clear sections and a table.,True,7.0,Mostly accurate; minor Spark config errors.,False,,Not applicable: task does not request code or SQL.,No mention of Adaptive Query Execution (AQE). | Partitioning advice is oversimplified.,spark.sql.parquet.outputPartitionSize is not a valid Spark config. | Salting code example is incorrect and impractical.,Clear structured analysis. | Prioritized remediation plan. | Good validation metrics.
BD_THEORY_EASY_01,Llama 4 Maverick,meta-llama/llama-4-maverick,Theory Q&A,easy,Managed vs External tables in Hive/Spark,8.07,8.0,"Accurate and concise answer covering all required points, but lacks some depth on lifecycle risks.",,/home/phat/AI_Project/a-triple-of-lms/outputs/llama4/llama4_maverick_outputs.json,True,8.0,Correctly explains ownership and DROP behavior.,True,8.0,Covers all required sections concisely.,True,8.0,Hits all expected key points.,True,9.0,Follows prompt structure and conciseness.,True,7.0,Lacks deeper lifecycle and risk explanation.,True,8.0,Advises external for production data safety.,True,9.0,"Clear, structured, and concise.",True,8.0,"Factually accurate, no hallucinations.",False,,"Task is theory Q&A, not code.","Missing explicit mention of accidental recursive deletion risk. | Could specify data location examples like S3, HDFS.",Ownership description slightly vague: 'User manages the data' for external.,Clear structured answer. | Correct DROP behavior explanation. | Good production best practice.
BD_THEORY_EASY_02,Llama 4 Maverick,meta-llama/llama-4-maverick,Theory Q&A,easy,Managed vs External tables in Databricks,9.22,9.0,"Excellent answer with accurate details on all requested aspects, missing only minor explicit mention of shared data lake context.",,/home/phat/AI_Project/a-triple-of-lms/outputs/llama4/llama4_maverick_outputs.json,True,10.0,"Accurate on storage, metadata, DROP behavior.",True,9.0,Covers all requested aspects.,True,8.0,Hits all key points except shared lake explicitly.,True,9.0,Follows prompt structure.,True,9.0,Good use case explanations.,True,9,Provides practical guidance for table lifecycle and production usage.,True,10.0,Well-organized with clear sections.,True,10.0,No factual errors.,False,,Task did not require code.,Shared data lake context for external tables is implied but not explicit. | Managed table use case for Databricks-owned datasets is not clearly stated.,None,Clear DROP behavior explanation. | Accurate storage location details. | Good use case guidance.
BD_THEORY_MEDIUM_01,Llama 4 Maverick,meta-llama/llama-4-maverick,Theory Q&A,medium,repartition vs coalesce in Apache Spark,5.67,6.0,Answer is mostly correct but contains a critical error about coalesce increasing partitions and misses key production considerations.,,/home/phat/AI_Project/a-triple-of-lms/outputs/llama4/llama4_maverick_outputs.json,True,5.0,Mostly correct but has one major factual error.,True,6.0,Covers main differences but misses key details.,True,5.0,Hits some key points but omits several.,True,7.0,Follows prompt structure but includes unrequested code.,True,6.0,Explains use cases but shallow on cost details.,True,5.0,Lacks practical warnings about skew and small files.,True,8.0,Well-organized with clear sections.,True,5.0,Accurate except for coalesce increasing partitions.,False,,Task did not request code.,No mention of small-file problem or output skew risks. | Shuffle cost explanation lacks detail.,Coalesce does not increase partitions; candidate incorrectly states it can.,Clear structure and examples. | Correctly explains repartition shuffle behavior. | Good use case differentiation.
BD_THEORY_MEDIUM_02,Llama 4 Maverick,meta-llama/llama-4-maverick,Theory Q&A,medium,Broadcast Join in Spark,8.18,8.0,"A thorough and correct explanation of broadcast join, covering mechanism, configuration, trade-off, and example, but could be more specific about production use cases and risks.",,/home/phat/AI_Project/a-triple-of-lms/outputs/llama4/llama4_maverick_outputs.json,True,9.0,"Mechanism correct, no factual errors.",True,8.0,Covers all required sections.,True,8.0,Hits most key points.,True,8.0,Includes all requested parts.,True,7.0,Explains trade-off but lacks detail.,True,7.0,"Mentions memory risk, lacks monitoring.",True,9.0,"Well-structured, clear sections.",True,9.0,Accurate Spark behavior.,False,,Not applicable: task does not request code or SQL.,Lacks specific fact-dimension join example | No mention of driver OOM risk | Could detail threshold tuning,None major,Clear mechanism explanation | Includes configuration and hint | Provides practical code example
BD_THEORY_HARD_01,Llama 4 Maverick,meta-llama/llama-4-maverick,Theory Q&A,hard,Small-file problem in Spark,5.88,6.0,"Answer correctly identifies the problem and basic solutions but lacks critical production details on object stores, target sizing, and trade-offs.",,/home/phat/AI_Project/a-triple-of-lms/outputs/llama4/llama4_maverick_outputs.json,True,6.0,Core concept correct but misses key details.,True,5.0,Missing object store costs and trade-offs.,True,5.0,"Covers many tiny files, overhead, coalesce. Misses object store cost, target size, trade-off.",True,7.0,Covers root causes and mitigations but misses explicit trade-off awareness.,True,6.0,Explains metadata and task overhead. Lacks deeper analysis of object store latency.,True,5.0,Suggests techniques but misses critical production strategies like OPTIMIZE and monitoring.,True,8.0,Well-structured with sections and code example.,True,7.0,Mostly accurate but includes minor inaccuracies like `wholeTextFiles` advice.,False,,"Task is theory Q&A, not code implementation.","No mention of object store request cost/latency. | Missing target file size guidance (e.g., 128MB-1GB). | Omits trade-off between file count and parallelism.","`wholeTextFiles()` is not a standard mitigation for the small-file problem in typical Spark SQL/dataframe workflows. | Focuses heavily on HDFS, not object stores like S3/ADLS.",Clearly explains metadata and task overhead. | Provides multiple mitigation techniques. | Includes a practical code example.
BD_THEORY_HARD_02,Llama 4 Maverick,meta-llama/llama-4-maverick,Theory Q&A,hard,Spark performance optimization techniques,5.45,5.0,"Partially correct with good bottleneck reasoning but misses critical optimizations like profiling, predicate pushdown, and broadcast joins.",,/home/phat/AI_Project/a-triple-of-lms/outputs/llama4/llama4_maverick_outputs.json,True,5.0,"Some techniques valid, but examples have flaws",True,4.0,"Misses key techniques like broadcast joins, predicate pushdown",True,5.0,"Covers skew, memory, shuffle, but misses scan optimizations",True,6.0,"Prioritized by bottleneck, but omitted profiling requirement",True,7.0,Explains why techniques help bottlenecks,True,6.0,Includes practical examples but some are inefficient,True,8.0,"Clear bottleneck categorization, good structure",True,5.0,"Partial alignment with ground truth, misses core optimizations",False,,Task does not require code,No mention of profiling/Spark UI | Skips partition pruning and file compaction | Omits broadcast join explanation for small tables,"Salting example uses rand() without modulo, causing key explosion | Parallel ingestion via repartition(10) is inefficient pre-read | Optimized query example is identical to original, no actual optimization",Categorizes by bottleneck type | Provides concrete examples | Covers skew and shuffle reduction
BD_CODE_EASY_01,Llama 4 Maverick,meta-llama/llama-4-maverick,Code Generation,easy,PySpark batch aggregation,6.25,6.0,Partially correct but inefficient and missing revenue cleaning.,,/home/phat/AI_Project/a-triple-of-lms/outputs/llama4/llama4_maverick_outputs.json,True,7.0,Code mostly correct but uses two aggregations and join.,True,6.0,Missing revenue null handling and stop not required.,True,7.0,Covers most key points but misses revenue cleaning.,True,5.0,Ignores brief comments instruction and uses extra join.,True,5.0,Shallow; inefficient separate aggregations.,True,5.0,Missing revenue null handling; inefficient join.,True,7.0,Clear steps but extra join adds complexity.,True,6.0,Minor factual issues like stop call.,True,7.0,Readable but not optimal for Spark.,No revenue null handling. | Inefficient separate aggregations and join. | Unnecessary spark.stop() call.,spark.stop() not typical in scripts. | Two groupBys inefficient.,Correct CSV read and null drop. | Proper timestamp and date conversion. | Correct partitioning in write.
BD_CODE_MEDIUM_01,Llama 4 Maverick,meta-llama/llama-4-maverick,Code Generation,medium,Spark SQL event analytics,6.02,6.0,"Queries 1, 2, and 4 are mostly correct, but Query 3 has a fundamental logic error in calculating average revenue per user.",,/home/phat/AI_Project/a-triple-of-lms/outputs/llama4/llama4_maverick_outputs.json,True,5.0,Query 3 has major logic error; others are mostly correct.,True,6.0,All parts attempted but logic errors in Query 3.,True,6.0,Covers most key points except proper revenue per user logic.,True,7.0,Follows prompt structure but misses some null checks.,True,6.0,Explanations are clear but miss critical logic justification.,True,5.0,Lacks null safety in aggregations.,True,9.0,Clear explanations and structure.,True,7.0,Uses standard SQL but misses Spark-specific null handling.,True,6.0,"Queries 1,2,4 mostly correct; Query 3 flawed.",Missing NULL checks for user_id and event_time in Query 1 and 3. | No COALESCE for revenue in Query 3 to handle nulls as zero. | Missing ORDER BY in Query 4 for consistent output.,"Query 3 uses AVG(SUM(revenue)) per user per day, which is incorrect; should be SUM(revenue)/COUNT(DISTINCT user_id) per day. | Query 3 filters revenue IS NOT NULL, which may exclude users with zero revenue, altering the average.","Clear query structure and explanations. | Correct use of DISTINCT, GROUP BY, HAVING in most queries. | Appropriate ordering and limiting."
BD_CODE_HARD_01,Llama 4 Maverick,meta-llama/llama-4-maverick,Code Generation,hard,Production-style PySpark pipeline with deduplication and window functions,8.67,8.0,Excellent solution missing minor production hardening details.,,/home/phat/AI_Project/a-triple-of-lms/outputs/llama4/llama4_maverick_outputs.json,True,9.0,All core logic correct.,True,8.0,Missing null handling.,True,9.0,Covers all key points.,True,9.0,Follows all instructions.,True,8.0,Good performance notes.,True,8.0,Good but missing skew handling.,True,9.0,Clear and well-structured.,True,9.0,No factual errors.,True,9.0,"Clean, functional code.",No null/type safety for revenue. | Missing broadcast hint example. | No file compaction advice.,,Correct dedup with window. | Proper aggregations and join. | Good performance comments.
BD_ANALYSIS_HARD_01,Llama 4 Maverick,meta-llama/llama-4-maverick,Incident Analysis,hard,"Spark performance diagnosis: skew, spill, and small files",6.98,7.0,Good analysis with actionable code but misses key Spark features like AQE and detailed validation.,,/home/phat/AI_Project/a-triple-of-lms/outputs/llama4/llama4_maverick_outputs.json,True,7.0,"Identifies skew, broadcast, small files, partitioning.",True,6.0,"Misses AQE, spill tuning, validation details.",True,7.0,"Covers skew, broadcast, partitioning, small files.",True,8.0,"Follows structure, includes code examples.",True,7.0,"Links symptoms to causes, prioritizes join.",True,6.0,"Code examples good, misses AQE/spill tuning.",True,9.0,"Clear sections, organized, concise.",True,7.0,"Mostly accurate, minor omissions.",False,,"Not requested, but provided.",No mention of AQE | Incomplete spill/memory tuning | Vague validation metrics,Salting example may be overkill | Misses shuffle partition tuning,Identifies skew and broadcast join | Structured remediation plan | Clear code examples
BD_THEORY_EASY_01,Llama 4 Scout,meta-llama/llama-4-scout,Theory Q&A,easy,Managed vs External tables in Hive/Spark,9.05,9.0,"Excellent answer covering all required aspects with clarity and accuracy, though slightly missing explicit mention of accidental deletion risk.",,/home/phat/AI_Project/a-triple-of-lms/outputs/llama4/llama4_scout_outputs.json,True,10.0,All technical details accurate,True,8.0,Covers all key points except deletion risk,True,9.0,"Covers ownership, drop, use cases, best practices",True,9.0,Concise with all requested sections,True,8.0,Explains why each type is used,True,9.0,Recommends external for production data,True,9.0,Well-structured with clear sections,True,10.0,Matches ground truth precisely,False,,Task did not require code,Lifecycle explanation slightly brief | Accidental deletion risk not explicitly stated,No factual errors or logic issues present,Clear ownership explanation | Accurate DROP behavior | Good use case distinction
BD_THEORY_EASY_02,Llama 4 Scout,meta-llama/llama-4-scout,Theory Q&A,easy,Managed vs External tables in Databricks,8.17,8.0,Accurate explanation with minor DBFS inaccuracy but covers all requested aspects well.,,/home/phat/AI_Project/a-triple-of-lms/outputs/llama4/llama4_scout_outputs.json,True,8.0,"Minor DBFS inaccuracy, otherwise correct",True,8.0,Covers all requested aspects,True,8.0,Covers most key points,True,9.0,Follows prompt structure well,True,8.0,Explains lifecycle implications,True,8.0,Practical advice given,True,9.0,Well-structured with clear sections,True,8.0,Mostly accurate except DBFS description,False,,Task did not require code,Shared data lake use case not mentioned | Multi-engine access not covered,DBFS is not proprietary; it's abstraction over cloud storage,Clear DROP behavior explanation | Good storage location details | Practical use cases
BD_THEORY_MEDIUM_01,Llama 4 Scout,meta-llama/llama-4-scout,Theory Q&A,medium,repartition vs coalesce in Apache Spark,3.83,4.0,Partially correct but contains critical factual errors about coalesce behavior and misses key cost implications.,,/home/phat/AI_Project/a-triple-of-lms/outputs/llama4/llama4_scout_outputs.json,True,4.0,Partially correct but key errors,True,3.0,Missing key points,True,3.0,Misses shuffle cost,True,5.0,Follows structure but errors,True,4.0,Some depth but flawed,True,3.0,Unsafe advice given,True,7.0,Clear structure,True,3.0,Major factual errors,False,,Not applicable,Coalesce cannot increase partitions | No mention of shuffle cost | Missing small-file use case,Coalesce can shuffle when decreasing | Coalesce cannot add empty partitions | Unsafe coalesce increase advice,Clear structure | Good comparison table | Correctly identifies repartition shuffle
BD_THEORY_MEDIUM_02,Llama 4 Scout,meta-llama/llama-4-scout,Theory Q&A,medium,Broadcast Join in Spark,6.1,6.0,Partially correct but contains significant code errors and misses key configuration details.,,/home/phat/AI_Project/a-triple-of-lms/outputs/llama4/llama4_scout_outputs.json,True,6.0,Mechanism correct but hint syntax wrong,True,7.0,Covers most points but misses autoBroadcastJoinThreshold,True,6.0,Misses autoBroadcastJoinThreshold and OOM risk,True,5.0,Did not fully explain shuffle avoidance,True,6.0,Memory trade-off mentioned but shallow,True,5.0,"Incorrect hint syntax, unsafe broadcast example",True,8.0,Well-structured and clear,True,6.0,Some factual errors in code,False,,Not applicable: task does not request code or SQL.,No autoBroadcastJoinThreshold mentioned | Incorrect broadcast hint syntax | Shallow memory risk explanation,Wrong broadcast function usage | Hint method syntax incorrect | Example uses sparkContext.broadcast incorrectly,Clear structure | Good mechanism explanation | Practical example provided
BD_THEORY_HARD_01,Llama 4 Scout,meta-llama/llama-4-scout,Theory Q&A,hard,Small-file problem in Spark,4.47,4.0,"Partially correct but misses key root causes, object store specifics, and trade-offs, with some irrelevant suggestions.",,/home/phat/AI_Project/a-triple-of-lms/outputs/llama4/llama4_scout_outputs.json,True,5.0,Partially correct but has factual errors,True,4.0,Misses key causes and solutions,True,4.0,Covers some points but omits critical ones,True,4.0,Misses explicit root causes and trade-offs,True,5.0,Explains metadata overhead but shallow on causes,True,3.0,"Suggests non-Spark tools, lacks practical tuning",True,8.0,Well-organized with sections,True,3.0,"Ignores object stores, suggests irrelevant tools",False,,Task not code-focused,"No mention of object store request cost | Missing root causes: streaming, over-partitioning | No specific file size targets (e.g., 128MB-1GB)","Focuses on HDFS NameNode, not object stores like S3/ADLS | Mentions 'wholeTextFile' which is irrelevant for general small-file problem | Suggests 'hadoop fs -getmerge' which is not a Spark solution",Defines small-file problem clearly | Lists some mitigation techniques like coalescing | Structured explanation of performance impact
BD_THEORY_HARD_02,Llama 4 Scout,meta-llama/llama-4-scout,Theory Q&A,hard,Spark performance optimization techniques,5.14,5.0,"Answer provides structured bottleneck-based techniques but misses key optimization areas like profiling, shuffle reduction, and scan efficiency.",,/home/phat/AI_Project/a-triple-of-lms/outputs/llama4/llama4_scout_outputs.json,True,5.0,Some techniques correct but missing key ones.,True,5.0,Covers 5 techniques but lacks many expected points.,True,4.0,"Misses profiling, broadcast joins, predicate pushdown.",True,6.0,Prioritizes by bottleneck but omits profiling step.,True,5.0,Explains why each helps but shallow on bottleneck connection.,True,5.0,Includes code but some advice generic.,True,7.0,Well-structured with sections and examples.,True,6.0,Mostly correct but some minor inaccuracies.,False,,Task not code-focused.,No mention of profiling with Spark UI. | Missing broadcast joins and predicate pushdown. | No output file layout optimization.,"Sort-based shuffle is default, not an optimization. | Combiner is RDD-specific, less relevant for DataFrames.",Structured by bottleneck type. | Provides code examples. | Explains why each technique helps.
BD_CODE_EASY_01,Llama 4 Scout,meta-llama/llama-4-scout,Code Generation,easy,PySpark batch aggregation,6.12,6.0,Partially correct code with a critical flaw in computing daily active users and suboptimal date handling.,,/home/phat/AI_Project/a-triple-of-lms/outputs/llama4/llama4_scout_outputs.json,True,6.0,Code runs but logic flawed.,True,7.0,Most steps present.,True,6.0,Misses distinct user count.,True,5.0,"Provided extra code, wrong metric.",True,5.0,Shallow on aggregation logic.,True,7.0,Partitioning correct.,True,7.0,Code is clear.,True,6.0,Uses count not countDistinct.,True,6.0,Functional but incorrect logic.,Uses count not countDistinct for DAU. | First version has redundant aggregations. | No revenue null handling.,"Daily active users requires distinct count. | date_format returns string, not date. | Aggregation logic is incorrect.",Correct CSV reading. | Proper null handling. | Correct Parquet partitioning.
BD_CODE_MEDIUM_01,Llama 4 Scout,meta-llama/llama-4-scout,Code Generation,medium,Spark SQL event analytics,5.39,6.0,Queries are mostly correct but contain critical errors in revenue calculation and null handling.,,/home/phat/AI_Project/a-triple-of-lms/outputs/llama4/llama4_scout_outputs.json,True,5.0,Query 3 has incorrect aggregation method,True,5.0,Missing null checks and proper revenue logic,True,5.0,Misses COALESCE and proper revenue calculation,True,6.0,Follows prompt but misses key details,True,6.0,Good explanations but flawed logic,True,4.0,Lacks null safety,True,8.0,Clear explanations and structure,True,7.0,Uses DATE instead of TO_DATE,True,5.0,Mostly correct SQL with one major flaw,No null handling in queries | Incorrect revenue per user logic | Missing ORDER BY in session query,Query 3 uses AVG(revenue) incorrectly | Query 3 subquery lacks COALESCE/revenue null handling,Good query structure | Clear explanations | Correct HAVING usage
BD_CODE_HARD_01,Llama 4 Scout,meta-llama/llama-4-scout,Code Generation,hard,Production-style PySpark pipeline with deduplication and window functions,5.35,6.0,Pipeline structure is correct but has critical aggregation errors and missing production safeguards.,,/home/phat/AI_Project/a-triple-of-lms/outputs/llama4/llama4_scout_outputs.json,True,4.0,"Incorrect DAU and session counts, wrong date conversion",True,5.0,Missing distinct counts and null handling,True,6.0,Covers most key points but with flaws,True,7.0,Follows most steps but misses some details,True,5.0,"Basic performance notes, lacks depth",True,5.0,Includes partitioning but lacks robustness,True,8.0,Clear structure and comments,True,6.0,Uses required functions but with errors,True,5.0,Code mostly correct but aggregation logic flawed,Missing null handling for event_id in deduplication | Missing revenue coalesce to handle nulls | Performance comments lack specific optimizations like broadcast join or skew handling,"count('user_id') counts all user_id, not distinct users | count('session_id') counts all sessions, not distinct sessions | top_event_types_df includes extra column top_event_type_count not required | from_unixtime used incorrectly on timestamp column",Correct deduplication logic with window function | Proper partitioned output | Includes required aggregations and join
BD_ANALYSIS_HARD_01,Llama 4 Scout,meta-llama/llama-4-scout,Incident Analysis,hard,"Spark performance diagnosis: skew, spill, and small files",6.72,6.5,Adequate but generic analysis missing key Spark-specific optimizations and detailed validation.,,/home/phat/AI_Project/a-triple-of-lms/outputs/llama4/llama4_scout_outputs.json,True,7.0,Identifies key issues but lacks depth.,True,6.0,"Missing AQE, specific file size targets.",True,6.0,"Covers skew, broadcast, small files partially.",True,8.0,Follows required structure well.,True,6.0,"Surface-level analysis, lacks detailed linkage.",True,6.0,"Generic advice, lacks concrete tuning steps.",True,9.0,"Clear sections, well-organized.",True,7.0,Mostly correct but vague on specifics.,False,,No code requested.,No mention of Adaptive Query Execution. | Lacks specific file size targets. | Missing validation metrics like spill bytes.,Vague on skew mitigation techniques. | Generic resource advice without data-first approach.,Structured answer with clear sections. | Identifies main symptoms like skew and small files. | Prioritizes broadcast join and repartitioning.
BD_THEORY_EASY_01,Phi-3 Medium 4K,microsoft/Phi-3-medium-4k-instruct,Theory Q&A,easy,Managed vs External tables in Hive/Spark,9.9,9.5,"Excellent, concise answer covering all required points with correct production advice.",,c:\Users\huynh\Documents\SOS\MATERIAL\BD\LT\a-triple-of-lms\outputs\phi3\Phi-3_Medium_4K_outputs.json,True,10.0,All definitions correct.,True,10.0,Covers all required points.,True,10.0,Hits all expected key points.,True,10.0,"Concise, includes all requested sections.",True,9.0,Explains lifecycle and risk well.,True,10.0,Clear best practices and safety.,True,10.0,Well-structured and clear.,True,10.0,Accurate and no hallucinations.,False,,Task did not request code.,,,Clear ownership explanation | Correct DROP TABLE behavior | Good production best practices
BD_THEORY_EASY_02,Phi-3 Medium 4K,microsoft/Phi-3-medium-4k-instruct,Theory Q&A,easy,Managed vs External tables in Databricks,6.98,7.0,Answer is good and structured but has factual inaccuracies and lacks depth in use cases.,,c:\Users\huynh\Documents\SOS\MATERIAL\BD\LT\a-triple-of-lms\outputs\phi3\Phi-3_Medium_4K_outputs.json,True,7.0,Mostly correct but some inaccuracies.,True,7.0,Covers all sections but lacks depth.,True,7.0,Hits key points but use cases vague.,True,8.0,Follows prompt structure well.,True,6.0,"Surface-level reasoning, lacks architectural insight.",True,6.0,"Advice generic, misses governance aspects.",True,9.0,"Clear, well-structured sections.",True,6.0,Some factual errors on storage.,False,,No code requested.,Vague use cases. | Missing shared lake mention. | No CREATE EXTERNAL TABLE syntax.,Says managed data in DBFS/ADLS managed by Databricks. | Lists DBFS as external storage incorrectly. | Omitted multi-engine access benefit.,Clear structured comparison. | Correct DROP behavior explained. | Covers all requested sections.
BD_THEORY_MEDIUM_01,Phi-3 Medium 4K,microsoft/Phi-3-medium-4k-instruct,Theory Q&A,medium,repartition vs coalesce in Apache Spark,6.97,7.0,Answer is good and covers basics but lacks depth on cost implications and specific production use cases.,,c:\Users\huynh\Documents\SOS\MATERIAL\BD\LT\a-triple-of-lms\outputs\phi3\Phi-3_Medium_4K_outputs.json,True,7.0,Correctly states core differences but misses some nuance.,True,7.0,Covers main points but lacks small-file context.,True,7.0,Hits most key points but omits specific use cases.,True,8.0,Follows prompt structure well.,True,6.0,Surface-level explanation of cost.,True,6.0,Missing concrete production advice like skew handling.,True,8.0,"Clear, structured sections.",True,7.0,Mostly accurate but has minor inaccuracies.,False,,No code requested.,No mention of small-file problem for coalesce. | Lacks detail on shuffle cost components. | Missing example use cases like rebalancing skew.,Incorrectly says coalesce never shuffles. | Oversimplifies repartition cost explanation.,Clear structure with separate sections. | Correctly identifies shuffle behavior. | States repartition can increase/decrease.
BD_THEORY_MEDIUM_02,Phi-3 Medium 4K,microsoft/Phi-3-medium-4k-instruct,Theory Q&A,medium,Broadcast Join in Spark,7.71,7.5,Good answer covering most points but lacks explicit memory risk and OOM warning.,,c:\Users\huynh\Documents\SOS\MATERIAL\BD\LT\a-triple-of-lms\outputs\phi3\Phi-3_Medium_4K_outputs.json,True,8.0,"Correct mechanism, config, and use case.",True,7.0,Missing explicit memory risk and OOM warning.,True,8.0,Covers most key points except OOM risk.,True,8.0,Includes all requested sections.,True,7.0,Shallow on memory trade-off details.,True,7.0,Mentions monitoring but lacks OOM specifics.,True,9.0,Well-structured with clear sections.,True,8.0,Accurate Spark behavior and config.,False,,"Task is theory Q&A, not code implementation.",No explicit OOM risk mention. | Weak on memory trade-off depth.,Minor: says 'significantly smaller' without specific scale.,Clear explanation of mechanism. | Correct config and hint usage. | Good practical example.
BD_THEORY_HARD_01,Phi-3 Medium 4K,microsoft/Phi-3-medium-4k-instruct,Theory Q&A,hard,Small-file problem in Spark,4.21,4.0,Answer partially addresses the problem but contains factual inaccuracies and misses key production aspects.,,c:\Users\huynh\Documents\SOS\MATERIAL\BD\LT\a-triple-of-lms\outputs\phi3\Phi-3_Medium_4K_outputs.json,True,4.0,Some correct points but major factual errors.,True,5.0,"Covers causes, performance, solutions partially.",True,4.0,"Misses object store cost, over-partitioning root cause.",True,4.0,Explains root causes but includes irrelevant details.,True,4.0,"Surface-level reasoning, lacks trade-off analysis.",True,3.0,"Advises unsafe config changes, missing compaction.",True,7.0,Clear sections but includes misleading info.,True,3.0,Incorrect default file size thresholds.,False,,No code requested.,No mention of object store request cost. | Missing Delta Lake OPTIMIZE/auto-compaction. | No target file size guidance.,Incorrect Spark default file size thresholds. | Data skew is not a primary root cause. | Compression does not solve small-file problem.,"Identifies task overhead and coalesce solution. | Lists multiple mitigation techniques. | Structured into root causes, performance, solutions."
BD_THEORY_HARD_02,Phi-3 Medium 4K,microsoft/Phi-3-medium-4k-instruct,Theory Q&A,hard,Spark performance optimization techniques,4.05,4.0,"Answer provides a structured list with bottleneck links but misses critical expected techniques and contains factual errors, resulting in a partially correct response.",,c:\Users\huynh\Documents\SOS\MATERIAL\BD\LT\a-triple-of-lms\outputs\phi3\Phi-3_Medium_4K_outputs.json,True,4.0,Some valid techniques but includes incorrect details.,True,4.0,Covers 5 areas but misses key expected points.,True,3.0,"Misses profiling, shuffle specifics, predicate pushdown, skew handling.",True,5.0,Prioritized by bottleneck but lacks depth on each.,True,4.0,"Surface-level bottleneck links, lacks production nuance.",True,3.0,Includes unsafe advice like mapPartitions before shuffle.,True,7.0,Well-structured with clear sections.,True,4.0,Mix of correct and incorrect Spark behaviors.,False,,Task did not request code.,No profiling with Spark UI | Missing broadcast joins for shuffle | No predicate pushdown or partition pruning | Skew handling not covered | Output file layout ignored,mapPartitions before shuffle is misleading | ColumnPrune is not a user technique | VectorizedUDFs advice is vague | Filtering as a bottleneck type is mislabeled,Structured by bottleneck type | Mentions caching and resource allocation | Clear section explanations
BD_CODE_EASY_01,Phi-3 Medium 4K,microsoft/Phi-3-medium-4k-instruct,Code Generation,easy,PySpark batch aggregation,4.56,5.0,Partially correct but flawed due to separate aggregations and missing combined result.,,c:\Users\huynh\Documents\SOS\MATERIAL\BD\LT\a-triple-of-lms\outputs\phi3\Phi-3_Medium_4K_outputs.json,True,4.0,Logic flawed with two datasets,True,4.0,Misses key requirements like single result,True,6.0,Covers most but misses combined result,True,5.0,Partially follows but deviates on key points,True,4.0,Shallow understanding of aggregation needs,True,4.0,"Missing write mode, inefficient structure",True,6.0,Code is readable but structure inefficient,True,5.0,Uses wrong output path,True,4.0,Separate aggregations incorrect logic,No event_date column in main DF | Two separate writes instead of one | Missing mode specification for write,Separate aggregations create two datasets | Missing coalesce for null revenue | Uses /path/to/save instead of specified path,Correct CSV read options | Proper null dropping | Valid timestamp conversion
BD_CODE_MEDIUM_01,Phi-3 Medium 4K,microsoft/Phi-3-medium-4k-instruct,Code Generation,medium,Spark SQL event analytics,4.78,5.0,Partially correct with two flawed queries and missing null handling.,,c:\Users\huynh\Documents\SOS\MATERIAL\BD\LT\a-triple-of-lms\outputs\phi3\Phi-3_Medium_4K_outputs.json,True,4.0,"Two queries incorrect, others incomplete",True,6.0,All four queries attempted but flawed,True,5.0,"Missed DISTINCT for revenue, NULL handling",True,5.0,Followed structure but missed key SQL requirements,True,5.0,Basic explanations but misses critical logic,True,3.0,Missing null safety makes queries unsafe,True,8.0,Clear explanations and structure,True,4.0,Misses key requirements like NULL handling,True,4.0,Two queries have significant errors,No NULL handling in any queries | Missing COALESCE for revenue in query 3 | Incorrect average revenue calculation method,Query 3 uses AVG(revenue) instead of total revenue divided by distinct users | Query 4 has GROUP BY session_right instead of session_id,Clear query structure | Proper use of LIMIT and HAVING | Good explanations for each query
BD_CODE_HARD_01,Phi-3 Medium 4K,microsoft/Phi-3-medium-4k-instruct,Code Generation,hard,Production-style PySpark pipeline with deduplication and window functions,5.13,5.0,"Partially correct but flawed in deduplication, top event_type calculation, and performance safety.",,c:\Users\huynh\Documents\SOS\MATERIAL\BD\LT\a-triple-of-lms\outputs\phi3\Phi-3_Medium_4K_outputs.json,True,5.0,"Deduplication logic flawed, top event_type incorrect",True,5.0,"Missing null handling, revenue casting",True,5.0,"Partial coverage, missing key steps",True,5.0,Ignored explicit dedup and top event_type instructions,True,5.0,"Shallow performance comments, incorrect logic",True,5.0,"Unsafe broadcast, missing Delta option",True,7.0,"Code structured, but flawed logic",True,5.0,"Incorrect window syntax, join type",True,5.0,"Multiple syntax errors, unsafe practices",Correct deduplication | Top event_type logic | Null handling,Wrong window syntax | Broadcast without size check | Inner join instead of left,Code structure | Partitioned output | Basic aggregation
BD_ANALYSIS_HARD_01,Phi-3 Medium 4K,microsoft/Phi-3-medium-4k-instruct,Incident Analysis,hard,"Spark performance diagnosis: skew, spill, and small files",4.79,4.5,"Answer provides a basic structured analysis but misses critical root causes like data skew and lacks actionable, prioritized remediation.",,c:\Users\huynh\Documents\SOS\MATERIAL\BD\LT\a-triple-of-lms\outputs\phi3\Phi-3_Medium_4K_outputs.json,True,5.0,Identifies some correct issues but misses key causes.,True,4.0,"Missing AQE, skew handling, detailed layout.",True,4.0,"Covers broadcast, small files, shuffle. Misses skew, AQE, partition layout.",True,7.0,Follows required structure but lacks prioritization.,True,4.0,"Surface-level analysis, no deep skew diagnosis.",True,3.0,"Unsafe advice like indexing Parquet, vague parallelism increase.",True,8.0,"Clear sections, easy to follow.",True,5.0,"Some correct Spark concepts, but includes hallucinations.",False,,Task does not require code.,No mention of data skew root cause. | Ignores Adaptive Query Execution. | Lacks specific partition layout advice.,Indexing Parquet is not a standard Spark optimization. | Filter pushdown is automatic; advice is redundant. | Vague 'increase parallelism' without context.,Structured answer as requested. | Identifies broadcast join for small table. | Mentions coalesce for small files.
BD_THEORY_EASY_01,Phi-3 Mini 4K,microsoft/Phi-3-mini-4k-instruct,Theory Q&A,easy,Managed vs External tables in Hive/Spark,4.42,4.0,"Answer covers required sections and DROP behavior correctly but has significant factual errors in data ownership, storage specification, and production advice.",,c:\Users\huynh\Documents\SOS\MATERIAL\BD\LT\a-triple-of-lms\outputs\phi3\Phi-3_Mini_4K_outputs.json,True,3.0,Has major factual errors in ownership and storage.,True,5.0,Covers all requested sections but omits key details.,True,5.0,Covers DROP behavior but misses key ownership details.,True,7.0,Includes all requested sections.,True,4.0,Lacks depth on lifecycle and risk explanation.,True,3.0,Weak best practices and illogical advice.,True,7.0,Clear structure with sections.,True,3.0,Multiple incorrect platform-specific statements.,False,,No code requested.,Omits explicit mention of 'shared data lakes' or 'multiple engines' use case | Weak on production best practices (repeats use cases) | Does not explicitly state risk of accidental recursive deletion for managed data,Incorrectly states 'Managed tables...are stored in HDFS' (platform-specific) | Incorrectly states 'external tables...are stored in HDFS' (platform-specific) | Misstates data ownership for managed tables ('owned by the user') | Misstates data ownership for external tables ('owned by the user...owner of the HDFS file') | Recommends 'backup data before dropping...especially for external tables' (illogical),Correctly explains DROP TABLE behavior difference | Structured answer with requested sections
BD_THEORY_EASY_02,Phi-3 Mini 4K,microsoft/Phi-3-mini-4k-instruct,Theory Q&A,easy,Managed vs External tables in Databricks,5.25,4.0,"Answer is structured but contains significant factual inaccuracies regarding storage and metadata management, lowering its overall correctness.",,c:\Users\huynh\Documents\SOS\MATERIAL\BD\LT\a-triple-of-lms\outputs\phi3\Phi-3_Mini_4K_outputs.json,True,5.0,Partially correct but has errors.,True,6.0,Covers all sections but details are flawed.,True,5.0,Hits some points but misses others.,True,7.0,Follows structure but content is inaccurate.,True,4.0,Surface-level with conceptual errors.,True,4.0,Advice is vague and contains inaccuracies.,True,8.0,Clear structure and sections.,True,3.0,Multiple factual errors present.,False,,No code or SQL requested.,Incorrect storage location description | Vague use case reasoning | Missing explicit external LOCATION syntax,Managed data not in cluster local FS | External metadata is managed by catalog | HDFS mentioned instead of cloud storage,Clear sectioned structure | Addresses all requested categories | Correctly states external DROP preserves data
BD_THEORY_MEDIUM_01,Phi-3 Mini 4K,microsoft/Phi-3-mini-4k-instruct,Theory Q&A,medium,repartition vs coalesce in Apache Spark,4.31,5.0,Partially correct but contains significant factual errors and misses critical use cases.,,c:\Users\huynh\Documents\SOS\MATERIAL\BD\LT\a-triple-of-lms\outputs\phi3\Phi-3_Mini_4K_outputs.json,True,4.0,Contains factual errors on shuffle behavior,True,4.0,Misses key use cases and costs,True,4.0,Covers only 3/7 expected points,True,5.0,Partially addresses prompt but omits specifics,True,4.0,Surface-level explanation with errors,True,4.0,Lacks critical cost and optimization details,True,7.0,Well-organized but verbose,True,4.0,Inaccurate on partition merging logic,False,,No code requested,No mention of small-file problem for coalesce | Fails to highlight repartition for skew correction | Underemphasizes shuffle as most expensive operation,Incorrectly states repartition can merge partitions without shuffle when n < current | Mistakenly claims coalesce does nothing if n > current (it can't increase partitions),Clear structure | Compares both methods | Mentions parallelism benefit
BD_THEORY_MEDIUM_02,Phi-3 Mini 4K,microsoft/Phi-3-mini-4k-instruct,Theory Q&A,medium,Broadcast Join in Spark,6.09,6.0,Answer explains basic concept but misses key configuration details and contains a factual error about memory fit.,,c:\Users\huynh\Documents\SOS\MATERIAL\BD\LT\a-triple-of-lms\outputs\phi3\Phi-3_Mini_4K_outputs.json,True,7.0,"Core concept correct, but details flawed.",True,6.0,Missing key config and memory risk details.,True,6.0,"Covers small table, local join, shuffle avoidance.",True,5.0,Missing configuration/hint and memory trade-off specifics.,True,5.0,Shallow on memory risk and threshold tuning.,True,5.0,Example uses broadcast variable incorrectly.,True,8.0,Well-structured and clear explanation.,True,6.0,Contains factual error on memory fit.,False,,Not applicable: task does not request code or SQL.,"No mention of spark.sql.autoBroadcastJoinThreshold. | Missing broadcast hint syntax (e.g., broadcast()). | Insufficient detail on memory/OOM risk trade-off.",Incorrectly states small dataset must not fit in node memory. | Example uses spark.broadcast() incorrectly for DataFrames.,Explains core mechanism of broadcast join. | Provides a practical code example. | Mentions reduction of network shuffle.
BD_THEORY_HARD_01,Phi-3 Mini 4K,microsoft/Phi-3-mini-4k-instruct,Theory Q&A,hard,Small-file problem in Spark,3.27,3.0,"Answer is mostly wrong on root causes, misses key production aspects, and provides generic mitigation.",,c:\Users\huynh\Documents\SOS\MATERIAL\BD\LT\a-triple-of-lms\outputs\phi3\Phi-3_Mini_4K_outputs.json,True,4.0,Partially correct but lacks specifics.,True,2.0,Misses many key points.,True,2.0,Covers only 'many tiny files'.,True,3.0,Ignores explicit root cause request.,True,3.0,"Superficial, lacks real causes.",True,3.0,"Generic advice, not practical.",True,7.0,Well-structured sections.,True,4.0,"Some correct, some wrong.",False,,No code requested.,No object store overhead | No target file size | Missing root causes like streaming | No trade-off discussion,Wrong root cause: file splitting | Incorrect: shuffle is not a cause | Vague resource allocation claim,Clear section structure | Mentions file combination | Lists some mitigation steps
BD_THEORY_HARD_02,Phi-3 Mini 4K,microsoft/Phi-3-mini-4k-instruct,Theory Q&A,hard,Spark performance optimization techniques,5.62,5.5,Answer is partially correct with good structure but misses many key optimization techniques and lacks depth in bottleneck reasoning.,,c:\Users\huynh\Documents\SOS\MATERIAL\BD\LT\a-triple-of-lms\outputs\phi3\Phi-3_Mini_4K_outputs.json,True,6.0,Techniques are correct but generic.,True,5.0,"Missing key points like profiling, skew handling.",True,4.0,Covers only 3 of 11 expected points.,True,7.0,Prioritized by bottleneck as asked.,True,5.0,Limited bottleneck connection depth.,True,5.0,Lacks specific production tuning details.,True,8.0,Clear structured list with bottlenecks.,True,7.0,No major factual errors.,False,,Task does not require code.,"No mention of profiling with Spark UI. | Missing shuffle reduction, broadcast joins. | No skew handling or file compaction.",Serialization bottleneck misspelled as 'Bottl0neck'. | Query optimization section is too vague.,"Structured bottleneck prioritization. | Clear explanation per technique. | Covers caching, partitioning, resources."
BD_CODE_EASY_01,Phi-3 Mini 4K,microsoft/Phi-3-mini-4k-instruct,Code Generation,easy,PySpark batch aggregation,2.21,3.0,Code adds unrequested features and fails core requirements like partitioning and correct aggregation.,,c:\Users\huynh\Documents\SOS\MATERIAL\BD\LT\a-triple-of-lms\outputs\phi3\Phi-3_Mini_4K_outputs.json,True,2.0,"Fails partitioning, wrong aggregations",True,3.0,"Misses key steps, adds unrequested logic",True,2.0,"Misses event_date, partitioning fails",True,2.0,"Ignores prompt, adds extra features",True,2.0,No understanding of core requirements,True,2.0,"UDF, mode filling harm performance",True,3.0,Code is messy with extra steps,True,2.0,Adds requirements not in prompt,True,2.0,"Incorrect date handling, extra filters",No event_date column for partitioning | Separate aggregations instead of single groupBy | Partition column missing in dataframes,"Uses F.date_trunc incorrectly, missing column name | Filters revenue >0, not in requirements | Adds ARPU and ranking, not requested | Fills nulls with mode, not required",Reads CSV correctly | Drops nulls for user_id and event_time
BD_CODE_MEDIUM_01,Phi-3 Mini 4K,microsoft/Phi-3-mini-4k-instruct,Code Generation,medium,Spark SQL event analytics,4.96,5.0,Partially correct with major flaws in revenue calculation and null handling.,,c:\Users\huynh\Documents\SOS\MATERIAL\BD\LT\a-triple-of-lms\outputs\phi3\Phi-3_Mini_4K_outputs.json,True,4.0,Two queries have major logic errors,True,5.0,Missing null handling and correct revenue calc,True,5.0,Misses null handling and revenue logic,True,6.0,Follows format but misses key requirements,True,6.0,Explanations are basic,True,4.0,No data quality checks,True,8.0,Clear structure and explanations,True,5.0,Uses non-Spark date syntax,True,4.0,Syntax errors and logic flaws,No NULL handling in any query | Incorrect average revenue logic in query 3 | Missing ORDER BY in query 4,"Query 1 and 3 use event_time::date instead of TO_DATE(event_time) | Query 3 uses AVG(revenue) instead of SUM(revenue)/COUNT(DISTINCT user_id) | Missing NULL handling for user_id, event_time, event_type, session_id, and revenue",Clear query structure | Correct GROUP BY usage | Proper LIMIT for top 5
BD_CODE_HARD_01,Phi-3 Mini 4K,microsoft/Phi-3-mini-4k-instruct,Code Generation,hard,Production-style PySpark pipeline with deduplication and window functions,4.24,4.0,Partially correct but flawed in key aggregations and missing required conversions.,,c:\Users\huynh\Documents\SOS\MATERIAL\BD\LT\a-triple-of-lms\outputs\phi3\Phi-3_Mini_4K_outputs.json,True,4.0,Deduplication correct but aggregations flawed,True,4.0,Missing key steps like proper date conversion,True,5.0,Covers 6/11 key points,True,5.0,Partially follows requirements but misses details,True,4.0,Superficial performance comments,True,3.0,"Weak performance notes, flawed logic",True,6.0,Code is structured but has redundant steps,True,5.0,Some Spark functions misapplied,True,3.0,"Incorrect top event_type logic, missing null handling",No event_time to timestamp conversion | No event_date from timestamp | No performance comments on skew or shuffles,Wrong top_event_type logic using array_sort | Missing coalesce for revenue nulls | Duplicate event_date column creation,Correct deduplication logic | Proper join and groupBy | Partitioned output
BD_ANALYSIS_HARD_01,Phi-3 Mini 4K,microsoft/Phi-3-mini-4k-instruct,Incident Analysis,hard,"Spark performance diagnosis: skew, spill, and small files",4.78,5.0,"Candidate identifies basic issues but misses critical root causes and provides generic, unprioritized remediation.",,c:\Users\huynh\Documents\SOS\MATERIAL\BD\LT\a-triple-of-lms\outputs\phi3\Phi-3_Mini_4K_outputs.json,True,5.0,Identifies skew and shuffle issues but misses small-file problem and AQE.,True,4.0,"Missing key points like AQE, spill handling, and detailed validation metrics.",True,5.0,"Covers skew and broadcast but omits AQE, spill, small files, and layout.",True,4.0,Structured but lacks prioritization and specific Spark UI metrics.,True,5.0,Surface-level analysis without linking symptoms to root causes deeply.,True,4.0,Generic config advice; misses safe broadcast checks and Delta optimizations.,True,7.0,Follows requested structure but repetitive and verbose.,True,5.0,Some Spark knowledge but includes vague or incorrect config suggestions.,False,,No code or SQL required.,No AQE mention | Ignores small-file problem | Vague validation metrics,Recommends repartitioning events table for join | Generic config ranges instead of specifics,Identifies data skew | Suggests broadcast join | Structured response
